company_id,Market Cap,Ent. Value,Shares Offered,Sector,Industry,Employees,Founded,IPO Price,Current,Price Target,PT Upside (%),Beta (5Y),Return,Volume,Avg. Volume,Shares,Float,Shares Insiders,Shares Institut.,Revenue,Rev. Growth,Gross Profit,Op. Income,Net Income,EPS,EBIT,PS Ratio,PB Ratio,CapEx,Operating CF,FCF,FCF / Share,Investing CF,Financing CF,Working Capital,Net Cash,Total Cash,Total Debt,Equity,Debt / Equity,Assets,Liabilities,Asset Turnover,Inv. Turnover,Current Ratio,Quick Ratio,Gross Margin,Oper. Margin,Profit Margin,FCF Margin,ROE,ROA,ROIC,high_risk_pred,high_risk_proba,Company Name
2305,96304154.0,99030380.0,1250000.0,Industrials,Security & Protection Services,134.0,1997.0,4.0,4.35,,,,0.088,175034.0,1416879.0,22138886.0,,,,10655993.0,,2993969.0,1125434.0,960686.0,0.04,1275060.0,9.04,35.63,-412022.0,790944.0,378922.0,0.02,-309631.0,947.0,1772424.0,-2726226.0,1801957.0,4528183.0,2702576.0,1.68,8550581.0,5848005.0,,,,1.5,0.281,0.106,0.09,0.036,0.368,0.116,0.137,0,0.02829527079254425,Concorde International Group Ltd.
2306,37557000.0,37584429.0,1800000.0,Consumer Staples,Farm Products,6.0,2015.0,4.0,3.21,,,,-0.198,182827.0,545824.0,11700000.0,,,,2715477.0,,1481762.0,870188.0,654953.0,0.06,881959.0,13.83,,-7382.0,-438598.0,-445980.0,-0.04,-7382.0,1082968.0,-84470.0,-27429.0,734373.0,761802.0,-949785.0,,,,,,,0.92,0.546,0.32,0.241,-0.164,-0.69,,-3.438,0,0.024479113533404474,Pinnacle Food Group Limited
2307,133518000.0,197866798.0,3100000.0,Energy,Oil & Gas Refining & Marketing,221.0,2016.0,3.25,5.78,,,,0.778,4208220.0,3175397.0,23100000.0,,,,728099112.0,,11500878.0,1017960.0,1861714.0,0.08,6276896.0,0.18,7.19,-2156694.0,-45921828.0,-48078522.0,-2.08,-3066894.0,46643962.0,-13606047.0,-64348798.0,8963943.0,73312741.0,18576594.0,3.95,,,,,,0.34,0.016,0.001,0.003,-0.066,0.137,,0.008,0,0.02212929443993603,TMD Energy Limited
2308,6002081468.0,5409159141.0,14683991.0,Consumer Discretionary,Restaurants,4800.0,2017.0,28.0,32.7,,,,0.168,3448374.0,7037734.0,183549892.0,,,,12405582000.0,1.674,779678606.0,396129957.0,327184164.0,1.78,417678194.0,0.48,16.48,-30590229.0,389413476.0,358823247.0,3.57,-31491560.0,-23868807.0,431143132.0,592922327.0,668132428.0,75210100.0,364197200.0,0.21,905188143.0,399046384.0,2.6,4.46,2.37,2.17,0.063,0.032,0.026,0.029,1.557,0.5,0.745,0,0.08099673802805983,Chagee Holdings Limited
2309,103350000.0,102925887.0,1500000.0,Everbright Digital ,Advertising Agencies,8.0,2021.0,4.0,3.9,,,,-0.025,107280.0,1681533.0,26500000.0,,,,2825488.0,2.466,1555712.0,1082005.0,925563.0,0.03,1082610.0,36.58,59.37,-2205.0,640917.0,638712.0,0.25,-243374.0,,1465172.0,424113.0,446852.0,22739.0,1740818.0,0.01,2128740.0,387922.0,2.41,,3.43,2.51,0.551,0.383,0.328,0.226,1.05,0.789,0.666,0,0.07833031442731198,Everbright Digital Holding Limited
2310,23375000.0,23496688.0,1750000.0,Industrials,Trucking,99.0,2003.0,4.0,1.7,,,,-0.575,443365.0,2299274.0,13750000.0,,,,25712499.0,-0.062,6817284.0,5689124.0,3553188.0,0.26,5242045.0,0.91,1.41,-9803.0,-3747112.0,-3756915.0,-0.31,4899400.0,-1307770.0,15407578.0,-121688.0,2032264.0,2153952.0,16523776.0,0.13,30015526.0,13491750.0,0.97,,2.17,1.75,0.265,0.221,0.138,-0.146,0.24,0.134,0.214,0,0.021475260967950827,Haoxin Holdings Limited
2311,73886300.0,73492589.0,1800000.0,Technology,Software - Application,11.0,2003.0,4.3,6.25,,,,0.452,137565.0,684241.0,11831273.0,,,,1440096.0,-0.998,994630.0,-939436.0,-939436.0,-0.08,-939436.0,51.31,,,-853380.0,-853380.0,-0.09,,1313097.0,-171701.0,393711.0,393711.0,,-168909.0,,556943.0,725852.0,3.45,,1.19,,0.691,-0.652,-0.652,-0.593,,-2.248,-8.093,0,0.05120972621666461,"Aether Holdings, Inc."
2313,25341250.0,24961255.0,2100000.0,Technology,Communication Equipment,35.0,2019.0,4.0,0.97,,,,-0.758,695477.0,2083313.0,26125000.0,,,,8570070.0,,1845591.0,-33149.0,-4446.0,0.0,-12406.0,2.96,12.82,-468355.0,1631420.0,1163065.0,0.05,-491365.0,-539194.0,929022.0,379995.0,1225301.0,845306.0,1975996.0,0.43,5852951.0,3876955.0,1.57,,1.26,0.62,0.215,-0.004,-0.0,0.136,-0.002,-0.001,-0.012,0,0.021441267824034282,iOThree Limited
2314,51000000.0,59829131.0,2000000.0,Consumer Discretionary,Restaurants,1802.0,2019.0,4.0,3.0,,,,-0.25,38027.0,1363578.0,17000000.0,,,,68154430.0,0.166,46183368.0,-2363413.0,-4825810.0,-0.28,-2363413.0,0.75,11.05,-5728536.0,10802741.0,5074205.0,0.34,-5728536.0,-10511987.0,-5466525.0,-8829131.0,16040756.0,24869887.0,4616302.0,5.39,41368024.0,36751721.0,1.25,6.74,0.69,0.55,0.678,-0.035,-0.071,0.074,-2.599,-0.088,-0.09,0,0.021527324190918535,MasterBeef Group
2315,300000000.0,,24000000.0,Financials,Shell Companies,,2024.0,10.0,10.0,,,,,57747.0,702323.0,30000000.0,,,,,,,,,,,,,,,,,,,,,,,,,,,,,,,,,,,,,,0,0.02061631508010274,Titan Acquisition Corp
2316,159011206.0,162061625.0,695656.0,Technology,Software - Infrastructure,154.0,1989.0,5.75,11.55,,,,1.009,815784.0,2093760.0,13767204.0,,,,17860909.0,,16791335.0,5638327.0,4366706.0,0.32,5987460.0,8.9,9.76,-19188.0,-363426.0,-382614.0,-0.03,-19188.0,205678.0,5338001.0,-3050419.0,845850.0,3896269.0,16299548.0,0.24,25240706.0,8941158.0,0.96,,1.98,1.83,0.94,0.316,0.244,-0.021,0.375,0.235,0.258,1,0.6168509270072979,"FatPipe, Inc."
2317,228150027.0,229874043.0,3750000.0,Diversified Consumer Services,Consumer Discretionary,96.0,2012.0,4.0,6.76,,,,0.69,168779.0,750350.0,33750004.0,,,,9154072.0,,2937139.0,-2121237.0,-2006126.0,-0.06,-1802347.0,24.92,,-4395.0,-799447.0,-803842.0,-0.03,65368.0,138130.0,-1838693.0,-1724016.0,1837609.0,3561625.0,-388033.0,,7171874.0,7840038.0,1.38,29.57,0.75,0.59,0.321,-0.232,-0.219,-0.088,-1.586,-0.303,-0.782,0,0.032521982898357484,Ruanyun Edai Technology Inc.
2318,46015171.0,45903265.0,2450000.0,Technology,Software - Application,34.0,2014.0,4.0,4.34,,,,0.085,337182.0,612429.0,10602574.0,,,,2362666.0,,1716758.0,-2748679.0,-2748679.0,-0.26,,19.48,34.09,-189392.0,2433958.0,2244565.0,0.21,-113555.0,-2450464.0,,111907.0,234502.0,122595.0,1350001.0,0.09,,,,,,,0.727,-1.163,-1.163,0.95,-2.036,,-1.867,0,0.05453732665737574,BeLive Holdings
2319,185120000.0,187635777.0,2000000.0,Industrials,Specialty Industrial Machinery,30.0,2007.0,4.0,3.51,,,,-0.122,160631.0,1180053.0,52000000.0,,,,36598667.0,37.552,7961817.0,2982860.0,2817914.0,0.05,2985477.0,5.06,18.88,-66745.0,-1429213.0,-1495958.0,-0.03,-72126.0,969625.0,4978279.0,-2515777.0,126300.0,2642077.0,9804936.0,0.27,21414504.0,11612426.0,2.58,,1.42,1.31,0.218,0.082,0.077,-0.041,0.508,0.199,0.277,0,0.025256832777649688,Lianhe Sowell International Group Ltd
2320,1698825874.0,2986959874.0,27000000.0,Equity Real Estate Investment Trusts (REITs),Real Estate,560.0,2013.0,30.0,33.07,,,-0.04,0.102,407637.0,1622124.0,51370604.0,,,,237006000.0,0.017,155693000.0,69222000.0,-18379000.0,-0.36,68188000.0,7.17,5.22,-161646000.0,64027000.0,-97619000.0,-1.01,-180938000.0,94816000.0,,-1288134000.0,29301000.0,1317435000.0,325698000.0,4.04,2042067000.0,1371121000.0,0.12,,,,0.657,0.292,-0.078,-0.412,-0.052,-0.009,,0,0.032348022555950075,"SmartStop Self Storage REIT, Inc."
2321,292374003.0,,22000000.0,Financials,Shell Companies,,,10.0,9.99,,,-6.93,-0.001,109345.0,538918.0,29266667.0,43702825.0,0.001,,4547.0,,,,,,,64300.42,,,,,,,,,,,,,,,,,,,,,,,,,,,0,0.04391188242998665,Soulpower Acquisition Corporation
2322,613500008.0,,20000000.0,Financials,Shell Companies,,2024.0,10.0,10.01,,,0.04,1.25,259006.0,673475.0,27266667.0,2649898.0,,1.22,,,,,,,,,,,,,,,,,,,,,,,,,,,,,,,,,,,1,0.7706602360384257,Sizzle Acquisition Corp. II
2323,65889600.0,68308040.0,2664000.0,Consumer Discretionary,Luxury Goods,7.0,2001.0,4.0,2.65,,,,-0.338,156785.0,1451565.0,24864000.0,,,,18814420.0,0.323,1372230.0,526760.0,196727.0,0.01,549667.0,3.5,,,1359780.0,1359780.0,0.07,,-1045672.0,1962309.0,-2418440.0,2038221.0,4456661.0,-810133.0,,4015041.0,4825174.0,3.26,8.73,1.67,0.75,0.073,0.028,0.01,0.072,-0.285,0.034,0.094,0,0.021307026720221292,Top Win International Limited
2324,104310000.0,118338276.0,2250000.0,Industrials,Electrical Equipment & Parts,41.0,1998.0,4.5,7.32,,,,0.627,316186.0,440959.0,14250000.0,,,,7601978.0,,1439496.0,-2065485.0,-3030941.0,-0.21,-2289373.0,13.72,,-1623.0,-835317.0,-836940.0,-0.07,-1623.0,1108818.0,-12545704.0,-14028276.0,690338.0,14718614.0,-8731242.0,,10994397.0,19725639.0,0.72,2.7,0.33,0.19,0.189,-0.272,-0.399,-0.11,,-0.276,-0.361,0,0.024425515129367133,Energys Group Limited
2325,294910360.0,,24000000.0,Financials,Shell Companies,,2024.0,10.0,10.07,,,,0.007,0.0,602927.0,29300000.0,,,,,,,,,,,,,,,,,,,,,,,,,,,,,,,,,,,,,,0,0.021335384353404558,Siddhi Acquisition Corp.
2326,391916585.0,386439079.0,5000000.0,Financials,Capital Markets,31.0,1989.0,4.0,8.13,,,,1.032,429721.0,2666555.0,48206222.0,,,,10049103.0,,8263931.0,3094929.0,2496554.0,0.05,2936488.0,39.0,40.56,-262091.0,-1847147.0,-2109238.0,-0.03,-8209437.0,-8299468.0,3671221.0,5477506.0,6247572.0,770066.0,9662275.0,0.08,20722177.0,11059902.0,0.27,,1.21,1.18,0.822,0.308,0.248,-0.21,0.201,0.068,0.224,1,0.6252956401000046,Waton Financial Limited
2327,13800000.0,15349511.0,1400000.0,Industrials,Building Products & Equipment,27.0,2009.0,4.0,2.07,,,,-0.482,68516.0,738632.0,6900000.0,,,,15524259.0,,2884275.0,1397636.0,962740.0,0.18,1477373.0,0.89,3.15,-202737.0,826537.0,623800.0,0.11,-202737.0,83639.0,3087042.0,-1549511.0,956034.0,2505545.0,4384463.0,0.57,11822593.0,7438130.0,1.46,,1.45,0.49,0.186,0.09,0.062,0.04,0.259,0.091,0.145,0,0.021728211132375577,WF International Limited
2328,5257524461.0,5183433144.0,15000000.0,Communication Services,Broadcasting,400.0,1998.0,10.0,21.95,,,,1.205,2087018.0,5239111.0,238490563.0,,,,171016455.0,,84048127.0,-69808240.0,-72171928.0,-0.3,-72080388.0,30.74,,-996291.0,-48687432.0,-49683723.0,-1.21,-58428592.0,125131700.0,-4356552.0,74091317.0,82363842.0,8272525.0,-137643729.0,,146072863.0,155139691.0,1.57,,0.96,0.9,0.492,-0.408,-0.422,-0.29,,-0.663,,1,0.7537572656256577,Newsmax Inc.
2329,77770610.0,,5000000.0,Financials,Shell Companies,,2024.0,10.0,10.07,,,,0.007,10981.0,309170.0,7723000.0,,,,,,,,,,,,,,,,,,,,,,,,,,,,,,,,,,,,,,0,0.020557787194856843,UY Scuti Acquisition Corp.
2330,14790869443.0,24012669443.0,37500000.0,Technology,Software - Application,881.0,2017.0,40.0,41.62,48.71,0.17,,0.04,7651467.0,16399252.0,355378891.0,,,,1915426000.0,7.366,1422076000.0,1285043000.0,-937765000.0,-2.64,-457694000.0,7.72,,-8702078000.0,2749168000.0,-5952910000.0,-27.32,-8658058000.0,7464648000.0,-3046332000.0,-9221800000.0,1398477000.0,10620277000.0,-413598000.0,,17832599000.0,16524086000.0,0.17,,0.39,0.37,0.742,0.671,-0.49,-3.108,,-0.082,,0,0.088876833757428,"CoreWeave, Inc."
2331,157410006.0,179967327.0,1500000.0,Industrials,Marine Shipping,19.0,2011.0,7.0,5.94,,,,-0.151,91311.0,209745.0,26500001.0,,,,25526936.0,,7349665.0,5078707.0,3140068.0,0.12,5836185.0,6.17,14.4,-1475659.0,6477442.0,5001783.0,0.2,10524341.0,-16666135.0,-30294953.0,-22557321.0,3751921.0,26309242.0,10932803.0,2.41,65147487.0,54214684.0,0.35,,0.14,0.13,0.288,0.199,0.123,0.196,0.217,0.043,0.136,0,0.031956510828468586,Intercont (Cayman) Limited
2332,92564500.0,92520986.0,2000000.0,Industrials,Specialty Industrial Machinery,118.0,1984.0,4.0,3.71,,,,-0.072,95828.0,255597.0,24950000.0,,,,5733976.0,0.154,1980357.0,655465.0,491401.0,0.02,717923.0,16.14,34.19,-73087.0,655796.0,582709.0,0.03,-73087.0,-442794.0,1693535.0,43514.0,679044.0,635530.0,2707702.0,0.23,5282137.0,2574435.0,1.12,8.44,1.64,1.28,0.345,0.114,0.086,0.102,0.208,0.096,0.149,0,0.03159350760206627,WF Holding Limited
2333,71287873.0,71157396.0,1250000.0,Consumer Staples,Beverages - Wineries & Distilleries,13.0,2010.0,4.0,5.38,,,,0.345,3969728.0,550201.0,13250534.0,,,,17906283.0,,1983392.0,832683.0,649134.0,0.05,816315.0,3.98,8.63,-83005.0,-1252020.0,-1335025.0,-0.11,-83005.0,1212231.0,8174335.0,130477.0,336078.0,205601.0,8258413.0,0.02,9927901.0,1578847.0,1.8,,6.57,0.9,0.111,0.047,0.036,-0.075,0.081,0.065,0.078,0,0.02169927976216882,Epsium Enterprise Limited
2334,242.0,126841672.0,2000000.0,Real Estate,Real Estate - Development,235.0,2006.0,5.0,4.24,,,,-1.0,33584.0,294218.0,24152110.0,,,,93275033.0,,18522141.0,6554968.0,2260222.0,0.09,6584492.0,,0.0,-316615.0,-14550638.0,-14867252.0,-0.71,-94556.0,20324738.0,,-126841431.0,,126841431.0,12312410.0,10.3,148143294.0,135830884.0,0.72,,,,0.199,0.07,0.024,-0.159,0.22,0.016,0.029,0,0.0215778315920154,LogProstyle Inc.
2335,50625000.0,49561200.0,2500000.0,Industrials,Staffing & Employment Services,24.0,2017.0,4.0,4.02,,,,0.005,295499.0,580417.0,12500000.0,,,,11574877.0,-0.121,802347.0,-719089.0,-1017077.0,-0.08,-960808.0,4.37,105.02,,-1861829.0,-1861829.0,-0.19,,-447433.0,540576.0,1063800.0,1385286.0,321486.0,482070.0,0.67,7067097.0,6550138.0,1.49,,1.1,0.95,0.069,-0.062,-0.088,-0.161,-0.936,-0.131,-0.562,0,0.041427539433524806,Baiya International Group Inc.
2336,,,12500000.0,Financials,Shell Companies,,2024.0,10.0,10.05,,,,0.005,0.0,64912.0,17913752.0,,,,,,,,,,,,,,,,,,,,,,,,,,,,,,,,,,,,,,0,0.02090843033911542,Gesher Acquisition Corp. II
2337,80050146.0,126500962.0,4444445.0,Industrials,Specialty Business Services,930.0,2014.0,4.5,1.81,5.0,1.762,,-0.598,34997.0,123688.0,44226600.0,,,,19807466.0,6.05,5487762.0,-25645880.0,-32385895.0,-0.73,-31335621.0,4.04,,-101178.0,-22139099.0,-22240277.0,-0.58,-1598391.0,19907910.0,-14204000.0,-46450816.0,2230354.0,48681170.0,-44617034.0,,9619574.0,54236608.0,2.6,,0.13,0.11,0.277,-1.295,-1.635,-1.123,,-4.246,-8.44,0,0.024702509744810225,RedCloud Holdings plc
2338,,,7200000.0,Financials,Shell Companies,,2024.0,10.0,10.09,,,,0.009,0.0,34216.0,9518250.0,,,,,,,,,,,,,,,,,,,,,,,,,,,,,,,,,,,,,,0,0.02112141648903369,Quartzsea Acquisition Corporation
2339,74355440.0,78992148.0,2000000.0,Consumer Staples,Beverages - Non-Alcoholic,27.0,2016.0,4.0,4.35,,,,0.088,3245805.0,1126153.0,17054000.0,,,,11920570.0,,5335601.0,1390485.0,998075.0,0.06,1361810.0,6.24,31.26,-377950.0,1048810.0,670860.0,0.05,-377950.0,614446.0,1144541.0,-4636708.0,60548.0,4697256.0,2378547.0,1.97,11830685.0,9452138.0,1.21,1.54,1.24,0.47,0.448,0.117,0.084,0.056,0.656,0.101,0.121,0,0.03248178935277817,"Marwynn Holdings, Inc."
2341,32379000.0,32909332.0,1750000.0,Technology,Software - Application,24.0,2018.0,4.0,2.63,,,,-0.342,104860.0,68261.0,12550000.0,,,,6379226.0,1.252,1858446.0,1237698.0,1018489.0,0.08,1366903.0,5.08,12.13,-1256963.0,559539.0,-697424.0,-0.06,-1263248.0,801536.0,656810.0,-530332.0,456713.0,987045.0,2669011.0,0.37,4834009.0,2071600.0,1.72,,1.29,1.29,0.291,0.194,0.16,-0.109,0.539,0.262,0.297,0,0.021572021614933694,Sagtec Global Limited
2342,41116000.0,38748792.0,1600000.0,Healthcare,Biotechnology,40.0,2014.0,4.0,1.8,,,,-0.55,9982.0,71052.0,21640000.0,,,,,,,-2495781.0,-3039101.0,-0.15,-3039101.0,,66.42,-35843.0,-2413007.0,-2448850.0,-0.12,-35843.0,1686546.0,-689903.0,2367208.0,2657235.0,290027.0,619032.0,0.47,4504152.0,3885120.0,,,0.82,,,,,,-7.45,-0.655,-2.746,0,0.02745941013679476,Advanced Biomed Inc.
2343,38942500.0,36246317.0,1250000.0,Consumer Discretionary,Residential Construction,17.0,2014.0,4.13,4.0,,,,-0.032,4910.0,15667.0,9250000.0,,,,23087885.0,,5034561.0,-33504.0,119005.0,0.02,151654.0,1.69,6.15,-817534.0,3481850.0,2664316.0,0.34,-817534.0,-1204877.0,4488300.0,2696183.0,2696183.0,,6329759.0,,8965038.0,2635279.0,2.54,,2.7,2.18,0.218,-0.002,0.005,0.115,0.018,0.013,-0.005,0,0.021076632228430366,JFB Construction Holdings
2346,67500000.0,64971273.0,2000000.0,Technology,Solar,113.0,2011.0,4.0,2.5,,,,-0.375,19024.0,84915.0,27000000.0,10349910.0,,,49864047.0,,6534139.0,1121522.0,470987.0,0.02,783479.0,1.35,4.11,-239820.0,1597086.0,1357266.0,0.05,-4434725.0,1865423.0,12669795.0,2528727.0,5403943.0,2875216.0,16419687.0,0.18,31951923.0,13187583.0,1.62,,1.99,1.44,0.131,0.022,0.009,0.027,0.03,0.015,0.047,0,0.02088327191827577,Skycorp Solar Group Ltd
2347,269400000.0,,,Financials,Shell Companies,,2024.0,10.0,9.88,,,,-0.012,0.0,70461.0,,,,,,,,,,-0.01,,,,,,,,,,,,,,,,,,,,,,,,,,,,,0,0.02132444370438959,Fifth Era Acquisition Corp I
2348,248700000.0,,20000000.0,Financials,Shell Companies,,2024.0,10.0,9.95,,,,-0.005,0.0,16641.0,25000000.0,,,,,,,,,,,,,,,,,,,,,,,,,,,,,,,,,,,,,,0,0.0209116724201225,Live Oak Acquisition Corp. V
2349,249959248.0,,17500000.0,Financials,Shell Companies,,2024.0,10.0,9.93,,,,-0.007,0.0,27420.0,24045251.0,12220474.0,,0.985,,,,,,-0.02,,,,,,,,,,,,,,,,,,,,,,,,,,,,,0,0.021020585250934785,NewHold Investment Corp III
2350,100140264.0,104766928.0,2500000.0,Industrials,Metal Fabrication,161.0,2004.0,4.0,4.35,,,,0.088,21705.0,26541.0,23957001.0,,,,51264588.0,-0.031,12156907.0,2222151.0,1826985.0,0.09,2525138.0,1.95,6.62,-1886473.0,4007810.0,2121337.0,0.11,-1889104.0,182418.0,9444186.0,-4626664.0,7339830.0,11966494.0,15133956.0,0.79,46362676.0,31228720.0,1.19,6.62,1.31,0.95,0.237,0.043,0.036,0.041,0.121,0.042,0.074,0,0.02118592077030924,Luda Technology Group Limited
2351,1396560092.0,1400524824.0,,Communication Services,Advertising Agencies,67.0,2014.0,4.0,9.2,,,,1.3,243258.0,537647.0,151800010.0,,,,827418000.0,1.66,4296693.0,-340469.0,-1108961.0,-0.12,-183066.0,1.69,172.6,48442.0,-1184575.0,-1136133.0,-0.01,-4175518.0,3421984.0,5216962.0,-3964732.0,585975.0,4550707.0,8091258.0,0.56,49707424.0,41240154.0,2.81,,1.13,1.08,0.005,-0.0,-0.001,-0.001,-0.185,-0.027,-0.027,1,0.7493436633322655,LZ Technology Holdings Limited
2352,253700000.0,,20000000.0,Financials,Shell Companies,,,10.0,9.92,,,,-0.008,0.0,84118.0,25600000.0,,,,,,,,,,,,,,,,,,,,,,,,,,,,,,,,,,,,,,0,0.02095049297574263,Rithm Acquisition Corp.
2353,92400000.0,93724919.0,2000000.0,Technology,Software - Application,27.0,2019.0,4.0,4.05,,,,0.012,30415.0,19674.0,22000000.0,,,,6332840.0,,882438.0,-1024768.0,-556552.0,-0.03,-407154.0,14.59,24.21,-201768.0,7552.0,-194217.0,-0.01,-201768.0,280230.0,-486440.0,-1324919.0,381626.0,1706544.0,3816075.0,0.45,6166245.0,2350170.0,1.02,,0.76,0.2,0.139,-0.162,-0.088,-0.031,-0.136,-0.09,-0.186,0,0.03456567832231805,Webus International Limited
2354,26814205.0,30607559.0,,Energy,Oil & Gas Equipment & Services,47.0,2020.0,4.0,2.33,,,,-0.418,223669.0,1919039.0,11410300.0,,0.806,,18918847.0,,5673676.0,2798698.0,2441774.0,0.24,2844336.0,1.42,2.53,-17427.0,-2735297.0,-2752724.0,-0.28,-273213.0,3074304.0,7210543.0,-3793354.0,658154.0,4451508.0,10580949.0,0.42,18782721.0,8201772.0,1.12,,1.89,0.71,0.3,0.148,0.129,-0.146,0.261,0.145,0.167,0,0.021450763578393605,STAK Inc.
2355,82657520.0,83968925.0,2205000.0,Healthcare,Medical Care Facilities,32.0,2001.0,4.0,4.35,,,,0.088,12086.0,130083.0,18785800.0,,,,7416560.0,,4375274.0,1447137.0,1162286.0,0.09,1447137.0,11.14,19.49,-4441.0,1407037.0,1402596.0,0.09,-4441.0,-991241.0,,-1311405.0,1094018.0,2405423.0,4240056.0,0.57,9144727.0,4904671.0,0.54,,,,0.59,0.195,0.157,0.189,0.276,0.112,0.188,0,0.03163282294982264,Basel Medical Group Ltd
2356,216608135.0,240493554.0,900000.0,Healthcare,Medical Distribution,31.0,2022.0,4.5,4.08,,,,-0.093,143934.0,157367.0,51944397.0,,,,18128831.0,,1767314.0,-6145132.0,-6856226.0,-0.15,-6024759.0,11.95,32.16,-462296.0,-1224993.0,-1687289.0,-0.04,469072.0,1782893.0,-22878079.0,-23885419.0,1113344.0,24998763.0,6734446.0,3.71,57332650.0,50598204.0,0.53,,0.4,0.13,0.098,-0.339,-0.378,-0.093,-1.362,-0.2,-0.194,0,0.02834094404048754,"Wellgistics Health, Inc."
2357,300654720.0,290344330.0,1600000.0,Healthcare,Biotechnology,,2021.0,5.0,6.98,,,,0.396,25606.0,45292.0,43891200.0,,,,6711990.0,-0.715,3360869.0,1960929.0,2253709.0,0.05,2253709.0,44.79,16.33,,898367.0,898367.0,0.04,1730173.0,-42835.0,18238359.0,10310390.0,10310390.0,,18415352.0,,18943105.0,527753.0,0.45,,15.86,11.67,0.501,0.292,0.336,0.134,0.165,0.151,0.132,0,0.041886963451906935,Anbio Biotechnology
2358,414180831.0,1340568831.0,10420000.0,Financials,Banks - Regional,491.0,1999.0,14.5,13.65,17.25,0.264,,-0.059,99321.0,159388.0,30342918.0,,,,187466000.0,,187466000.0,72876000.0,47162000.0,1.83,72876000.0,2.21,0.9,-1052000.0,19809000.0,18757000.0,0.73,-458235000.0,462831000.0,,-926388000.0,376295000.0,1302683000.0,462490000.0,2.82,5224011000.0,4761521000.0,0.04,,,,1.0,0.389,0.252,0.1,0.106,0.009,0.031,0,0.022674221968055658,"Northpointe Bancshares, Inc."
2359,254519240.0,,20000000.0,Financials,Shell Companies,,2024.0,10.0,9.92,,,,-0.008,4246.0,4272.0,25174999.0,,,,,,,,,-0.02,,,,,,,,,,,,,,,,,,,,,,,,,,,,,0,0.02027068932197822,Artius II Acquisition Inc.
2360,184849238.0,111965238.0,5888000.0,Healthcare,Biotechnology,22.0,2017.0,16.0,8.0,31.5,2.938,,-0.5,93383.0,130076.0,21695920.0,18389495.0,0.24,0.249,,,,-22785000.0,-20588000.0,-5.15,-20588000.0,,,-109000.0,-18087000.0,-18196000.0,-4.55,-11998000.0,81991000.0,69210000.0,72884000.0,73663000.0,779000.0,-54643000.0,,77507000.0,5394000.0,,,15.05,,,,,,,-0.468,,0,0.021016747115753215,"Aardvark Therapeutics, Inc."
2361,4452961937.0,4889300063.0,,Industrials,Aerospace & Defense,1113.0,2020.0,22.0,33.69,39.5,0.172,,0.531,567086.0,1203602.0,132174590.0,,,,345251064.0,,132111084.0,63559749.0,12701039.0,0.08,65061905.0,12.9,22.72,-14945723.0,26645535.0,11699812.0,0.07,-46236162.0,25665687.0,87105281.0,-436338126.0,11529770.0,447867896.0,195996367.0,2.29,773960496.0,577964129.0,0.47,,1.76,0.58,0.383,0.184,0.037,0.034,0.067,0.017,0.088,0,0.07288412031656046,Karman Holdings Inc.
2362,78845125.0,,7500000.0,Financials,Shell Companies,,2024.0,10.0,10.19,,,,0.001,1700.0,917.0,7737500.0,,,,,,,,,,,,,,,,,,,,,,,,,,,,,,,,,,,,,,0,0.020391120528190174,Maywood Acquisition Corp.
2363,9088869358.0,9992043358.0,60000000.0,Technology,Software - Application,2738.0,2005.0,23.0,16.33,25.88,0.585,,-0.29,996403.0,1819204.0,556574976.0,,,,861611000.0,0.739,555878000.0,-188734000.0,-1080379000.0,-12.91,-189977000.0,10.55,,-13567000.0,-106391000.0,-119958000.0,-1.43,-28944000.0,41257000.0,-62311000.0,-903174000.0,121293000.0,1024467000.0,-5588440000.0,,7411916000.0,1804215000.0,0.12,,0.89,0.65,0.645,-0.219,-1.254,-0.139,,-0.144,,0,0.03328606968137112,"SailPoint, Inc."
2364,20943343.0,27085343.0,1667000.0,Communication Services,Broadcasting,38.0,2011.0,6.0,0.73,8.0,10.111,,-0.88,258785.0,1815447.0,28693441.0,,,,3504000.0,,2852000.0,-2728000.0,-2968000.0,-0.12,-2758000.0,5.98,,-1037000.0,-2485000.0,-3522000.0,-0.14,-1037000.0,3213000.0,-5735000.0,-6142000.0,48000.0,6190000.0,-1600000.0,,6424000.0,8024000.0,0.63,,0.24,0.07,0.814,-0.778,-0.847,-1.005,,-0.53,-0.594,0,0.02454686323722187,"TEN Holdings, Inc."
2365,8468188.0,8972192.0,,Consumer Discretionary,Leisure,47.0,2014.0,4.0,0.61,,,,-0.848,193509.0,1120357.0,13880000.0,,,,3298361.0,0.096,1688925.0,-182032.0,-183700.0,-0.02,-137214.0,2.57,7.92,-126679.0,89676.0,-37003.0,0.0,-133457.0,-145371.0,-2278241.0,-504004.0,463920.0,967924.0,1069464.0,0.91,5211893.0,4142429.0,0.66,27.95,0.33,0.14,0.512,-0.055,-0.056,-0.011,-0.159,-0.037,-0.089,0,0.021175045873635046,Aureus Greenway Holdings Inc.
2366,259195900.0,,20000000.0,Financials,Shell Companies,,2024.0,10.0,9.98,,,,-0.002,0.0,7507.0,25765000.0,,,,,,,,,-0.02,,,,,,,,,,,,,,,,,,,,,,,,,,,,,0,0.02097446807540236,Archimedes Tech SPAC Partners II Co.
2367,577588304.0,438837304.0,10588233.0,Healthcare,Biotechnology,41.0,2019.0,18.0,13.09,32.0,1.445,,-0.273,104320.0,167846.0,44124393.0,,,,,,,-70556000.0,-61688000.0,-15.99,-61688000.0,,,-27000.0,-52787000.0,-52814000.0,-13.69,-126913000.0,178967000.0,140573000.0,138751000.0,148500000.0,9749000.0,-163713000.0,,185752000.0,19097000.0,,,14.49,,,,,,,-0.519,,0,0.021745805386539006,"Sionna Therapeutics, Inc."
2368,2418835606.0,2866894606.0,24000000.0,Industrials,Building Products & Equipment,2742.0,1902.0,16.0,13.12,17.0,0.296,,-0.18,581584.0,420374.0,184362470.0,,,,1634393000.0,0.027,416655000.0,251786000.0,166074000.0,0.95,249793000.0,1.48,3.23,-135421000.0,248037000.0,112616000.0,0.64,-135803000.0,-123326000.0,145210000.0,-448059000.0,12124000.0,460183000.0,750014000.0,0.61,1566252000.0,816238000.0,1.07,,1.61,0.49,0.255,0.154,0.102,0.069,0.226,0.108,0.154,0,0.030140334139639475,Titan America SA
2369,152363631.0,158405166.0,2750000.0,Industrials,Staffing & Employment Services,184.0,2011.0,4.1,8.12,,,,0.98,13218798.0,2022120.0,18763994.0,8393833.0,0.4,,20215724.0,0.021,3778588.0,-1706027.0,-1202916.0,-0.06,-1051790.0,7.54,,-1280.0,-1622048.0,-1623328.0,-0.08,-1280.0,1242456.0,-8117702.0,-6041535.0,227826.0,6269361.0,-7200899.0,,4512447.0,11713346.0,3.66,,0.12,0.07,0.187,-0.084,-0.06,-0.08,,-0.217,,0,0.16683645540013148,EPWK Holdings Ltd.
2370,9941400.0,8435130.0,2250000.0,Industrials,Engineering & Construction,,1996.0,4.5,0.74,,,,-0.842,2561974.0,410408.0,13500000.0,3445313.0,0.694,,15556990.0,0.258,2026157.0,372628.0,428998.0,0.04,492680.0,0.64,2.56,-53320.0,1998340.0,1945020.0,0.17,685533.0,-1114170.0,-162125.0,1506270.0,3498592.0,1992322.0,3889793.0,0.51,13444232.0,9554439.0,1.23,,0.98,0.52,0.13,0.024,0.028,0.125,0.117,0.033,0.063,0,0.022335861303110608,FBS Global Limited
2371,18310175.0,17101011.0,1280000.0,Industrials,Integrated Freight & Logistics,26.0,2007.0,4.0,4.12,,,,0.03,0.0,34170.0,4443570.0,,0.675,0.053,6563412.0,,2563263.0,-2274814.0,-2293648.0,-0.87,-2262910.0,2.79,5.77,-46167.0,540353.0,494186.0,0.19,-46167.0,-3551861.0,2038271.0,1209164.0,2116614.0,907450.0,3173358.0,0.29,5082549.0,1909191.0,0.89,,2.59,2.14,0.39,-0.347,-0.35,0.075,-0.383,-0.31,-0.557,0,0.021259167994547492,Callan JMB Inc.
2372,286747500.0,299686057.0,1500000.0,Industrials,Specialty Industrial Machinery,73.0,2004.0,4.0,8.67,,,,1.168,84372.0,102076.0,33735000.0,,0.952,,34279022.0,0.636,6206274.0,2598093.0,1820960.0,0.1,2637837.0,8.37,17.11,-916453.0,-2465652.0,-3382105.0,-0.11,-916453.0,1951254.0,20783985.0,-12938557.0,19272.0,12957829.0,16759989.0,0.77,65287831.0,36209318.0,0.68,6.4,1.93,1.24,0.181,0.076,0.053,-0.099,0.124,0.036,0.089,1,0.7452520505525678,"Huachen AI Parking Management Technology Holding Co., Ltd"
2373,390990746.0,,25000000.0,Financials,Shell Companies,,2024.0,10.0,9.96,,,,-0.004,0.0,178926.0,39256099.0,,,,,,,,,-0.01,,,,,,,,,,,,,,,,,,,,,,,,,,,,,0,0.021339108959380265,K&F Growth Acquisition Corp. II
2374,36337500.0,26218356.0,2100000.0,Financials,Capital Markets,,2018.0,4.0,2.6,,,,-0.35,34958.0,72488.0,14250000.0,3217080.0,0.732,,2255698.0,-0.078,1203936.0,-1700356.0,-1373276.0,-0.11,-1643652.0,16.11,4.95,-168566.0,-1944314.0,-2112880.0,-0.18,-168566.0,-921187.0,6648581.0,10119144.0,10177910.0,58766.0,7339859.0,0.01,11811896.0,4472038.0,0.16,,2.49,2.35,0.534,-0.754,-0.609,-0.937,-0.155,-0.096,-0.23,0,0.02453356825418659,Plutus Financial Group Limited
2375,245431255.0,504124255.0,13250000.0,Energy,Oil & Gas Midstream,80.0,2017.0,20.0,15.02,27.43,0.827,,-0.249,250106.0,352832.0,16372999.0,,,,259022000.0,,180507000.0,93736000.0,49286000.0,3.01,70815000.0,0.95,0.48,-256118000.0,177666000.0,-78452000.0,-1.72,-256118000.0,79151000.0,-47778000.0,-258693000.0,2203000.0,260896000.0,508242000.0,0.51,915466000.0,407224000.0,0.32,,0.64,0.55,0.697,0.362,0.19,-0.303,0.102,0.061,0.122,0,0.02563089611117299,"Infinity Natural Resources, Inc."
2376,418252373.0,246980373.0,8750000.0,Healthcare,Biotechnology,125.0,2018.0,16.0,9.55,25.67,1.688,,-0.403,232855.0,234796.0,43796060.0,9631077.0,0.115,0.568,167500000.0,,167500000.0,57586000.0,3405000.0,1.25,53403000.0,2.5,,-1147000.0,75954000.0,74807000.0,31.22,-1147000.0,92847000.0,180998000.0,171272000.0,197900000.0,26628000.0,-311183000.0,,240542000.0,43638000.0,1.07,,9.76,,1.0,0.344,0.02,0.447,-0.01,0.022,-0.198,0,0.028176174447034758,"Maze Therapeutics, Inc."
2377,2477084188.0,2134439188.0,,Healthcare,Biotechnology,74.0,2022.0,18.0,23.58,47.0,0.993,,0.31,924299.0,1193427.0,105050220.0,,,,,,,-134404000.0,-209127000.0,-14.49,-218242000.0,,,-43000.0,-100039000.0,-100082000.0,-6.93,-43000.0,378198000.0,291826000.0,342645000.0,352447000.0,9802000.0,-253507000.0,,450988000.0,163638000.0,,,5.34,,,,,,,-0.675,,0,0.05419509978102971,"Metsera, Inc."
2378,453428866.0,357008866.0,12000000.0,Healthcare,Medical Devices,291.0,2015.0,17.0,10.33,26.67,1.582,,-0.392,373674.0,538155.0,43348840.0,41336549.0,0.067,0.552,65124000.0,,35888000.0,-45251000.0,-54756000.0,-8.6,-54756000.0,6.96,,-3345000.0,-48273000.0,-51618000.0,-8.11,-3476000.0,55615000.0,111775000.0,96420000.0,103675000.0,7255000.0,-245360000.0,,149645000.0,73632000.0,0.5,,6.29,5.47,0.551,-0.695,-0.841,-0.793,,-0.422,,0,0.02154898313069147,"Beta Bionics, Inc."
2379,215932717.0,216100413.0,15000000.0,Financials,Shell Companies,,2024.0,10.0,10.0,,,,,84804.0,87716.0,21571700.0,,,,,,,-5928.0,-157572.0,-0.03,-157572.0,,,,,,,,,-410501.0,-167696.0,,167696.0,-50822.0,,362887.0,413709.0,,,0.01,,,,,,,,-0.051,0,0.020303041271589193,Stellar V Capital Corp.
2380,49625756.0,49704471.0,8000000.0,Financials,Shell Companies,41.0,2023.0,10.0,9.6,,,,-0.04,53056.0,27262.0,10295800.0,,0.157,0.077,,,,-25850.0,-25850.0,-0.01,-25850.0,,,,-9963.0,-9963.0,0.0,,,-2632.0,-78715.0,46285.0,125000.0,-2632.0,,169035.0,171667.0,,,0.99,,,,,,-2.511,-0.152,-0.211,0,0.020640358665606838,FG Merger II Corp.
2381,207096917.0,,20000000.0,Financials,Shell Companies,,2024.0,10.0,10.04,,,,0.004,0.0,22438.0,20627183.0,,,,,,,,,-0.03,,,,,,,,,,,,,,,,,,,,,,,,,,,,,0,0.020203977265906812,Drugs Made In America Acquisition Corp.
2382,8121708609.0,9522708609.0,26086958.0,Consumer Staples,Farm Products,36500.0,1936.0,20.0,20.66,28.6,0.384,,0.033,731938.0,763665.0,393112711.0,,0.943,,14142000000.0,-0.058,1898000000.0,1118000000.0,953000000.0,2.51,1290000000.0,0.57,1.39,-251000000.0,1137000000.0,886000000.0,2.33,-469000000.0,-464000000.0,2496000000.0,-1401000000.0,943000000.0,2344000000.0,5834000000.0,0.4,11054000000.0,5220000000.0,1.16,,2.46,0.88,0.134,0.079,0.067,0.063,0.146,0.078,0.106,0,0.05170183344868201,"Smithfield Foods, Inc."
2383,2072093672.0,2127985809.0,7325000.0,Healthcare,Biotechnology,567.0,2009.0,17.25,23.9,,,1.0,0.362,54300.0,56664.0,86698480.0,174845965.0,,,134335616.0,3.418,130583917.0,-53228764.0,-55637848.0,-0.73,-45362015.0,15.42,57.15,-3333196.0,-15281597.0,-18614793.0,-0.24,-49682311.0,43195691.0,42205434.0,-55892137.0,173076849.0,228968986.0,36255524.0,6.32,357875943.0,321620420.0,0.39,,1.26,1.15,0.972,-0.396,-0.414,-0.139,-2.498,-0.159,-0.201,0,0.04986439814346555,Ascentage Pharma Group International
2384,21703936297.0,47584936297.0,70000000.0,Energy,Oil & Gas Exploration & Production,1500.0,2013.0,25.0,8.97,17.11,0.908,,-0.641,3639664.0,7283183.0,2419613857.0,,,0.787,4972000000.0,-0.229,3032000000.0,1763000000.0,1475000000.0,0.57,2564000000.0,4.37,7.49,-13717000000.0,2149000000.0,-11568000000.0,-4.92,-14159000000.0,10752000000.0,1017000000.0,-25881000000.0,3931000000.0,29812000000.0,2897000000.0,10.29,43491000000.0,35595000000.0,0.14,19.7,1.29,1.21,0.61,0.355,0.297,-2.327,0.669,0.041,0.042,0,0.05549692197222803,"Venture Global, Inc."
2385,79562064.0,,6000000.0,Financials,Shell Companies,,2024.0,10.0,10.01,,,,0.002,0.0,61462.0,7944290.0,,,,,,,,,-0.05,,,,,,,,,,,,,,,,,,,,,,,,,,,,,0,0.020391120528190174,Columbus Acquisition Corp
2386,355980300.0,367660298.0,,Industrials,Engineering & Construction,178.0,2012.0,4.0,12.61,,,,2.152,477637.0,722608.0,28230000.0,8727270.0,0.667,,48821619.0,,2893526.0,1655754.0,929912.0,0.03,1813866.0,7.29,99.0,-59717.0,-6507832.0,-6567549.0,-0.23,-59717.0,5323832.0,-32738.0,-11679998.0,15426.0,11695424.0,3595671.0,3.25,22124018.0,18528347.0,2.63,,0.94,0.24,0.059,0.034,0.019,-0.134,0.327,0.05,0.098,1,0.7594347016580375,Skyline Builders Group Holding Limited
2388,16735875.0,16370669.0,1250000.0,Industrials,Pollution & Treatment Controls,16.0,2011.0,4.0,1.01,,,,-0.748,16944.0,35153.0,16250000.0,,0.919,,11542292.0,0.222,3212412.0,2470943.0,2103357.0,0.14,2484124.0,1.45,3.34,-78133.0,-362322.0,-440455.0,-0.03,-117481.0,-466614.0,3566540.0,365206.0,407031.0,41825.0,5017309.0,0.01,11237029.0,6219720.0,1.39,,1.58,1.48,0.278,0.214,0.182,-0.038,0.537,0.254,0.414,0,0.024911810327627137,Decent Holding Inc.
2389,117045000.0,117813491.0,2000000.0,Communication Services,Advertising Agencies,20.0,2014.0,4.0,7.65,,,,0.912,0.0,25406.0,15300000.0,,0.75,,5198836.0,-0.604,1180935.0,384407.0,244816.0,0.02,376130.0,22.51,257.57,,246614.0,246614.0,0.02,,-789124.0,1377439.0,-768491.0,379051.0,1147542.0,454419.0,2.53,2161301.0,1706882.0,2.35,,2.94,2.01,0.227,0.074,0.047,0.047,0.581,0.11,0.178,0,0.06520799759405194,Ctrl Group Limited
2390,21350000.0,22504666.0,2500000.0,Industrials,Integrated Freight & Logistics,2.0,2014.0,4.0,1.23,,,,-0.692,19806.0,85041.0,17500000.0,3685650.0,0.754,,16039513.0,,2337802.0,-645751.0,174871.0,0.01,205108.0,1.33,8.4,-1203981.0,-593734.0,-1797715.0,-0.12,-1211981.0,907358.0,468941.0,-1154666.0,557619.0,1712285.0,2541874.0,0.67,4985912.0,2444038.0,3.23,,1.26,0.99,0.146,-0.04,0.011,-0.112,0.071,0.035,-0.406,0,0.02819672597899191,Toppoint Holdings Inc.
2391,260551547.0,260608332.0,17500000.0,Financials,Shell Companies,,2024.0,10.0,9.87,,,,-0.013,0.0,47625.0,26398333.0,,,,,,,-47952.0,-47952.0,-0.01,-47952.0,,,,-35415.0,-35415.0,-0.01,,55420.0,-525384.0,-56785.0,20005.0,76790.0,-22952.0,,993266.0,1016218.0,,,0.07,,,,,,,,-0.891,0,0.020478492232030108,Hennessy Capital Investment Corp. VII
2392,1736779343.0,2408854343.0,17800000.0,Energy,Oil & Gas Equipment & Services,1283.0,1996.0,24.0,18.96,33.6,0.772,,-0.21,347191.0,505564.0,91602286.0,8166700.0,,0.114,535278000.0,,270854000.0,113986000.0,80249000.0,10.41,113765000.0,3.24,2.07,-90521000.0,179383000.0,88862000.0,11.53,-94433000.0,-80335000.0,198331000.0,-672075000.0,4615000.0,676690000.0,839107000.0,0.81,1588949000.0,749842000.0,0.54,,3.26,1.42,0.506,0.213,0.15,0.166,0.165,0.081,0.074,0,0.03950474842569263,Flowco Holdings Inc.
2393,13171573.0,13872782.0,1750000.0,Communication Services,Telecom Services,53.0,2008.0,4.0,0.6,,,,-0.85,92571.0,97337.0,22253037.0,12874152.0,,,5512319.0,0.402,2955464.0,-3122951.0,-3351573.0,-0.31,-3134886.0,2.39,5.32,-131389.0,-1695707.0,-1827097.0,-0.17,-307453.0,2204343.0,3579029.0,-701209.0,3189931.0,3891140.0,2477709.0,1.57,8623013.0,6145304.0,0.66,,2.18,1.55,0.536,-0.566,-0.608,-0.331,-0.913,-0.403,-0.49,0,0.02136808763246249,PicoCELA Inc.
2394,10945000.0,12928333.0,1403685.0,Healthcare,Pharmaceutical Retailers,19.0,2016.0,4.0,0.99,,,,-0.754,175643.0,126676.0,11000000.0,,,,16688364.0,,3558665.0,1604223.0,1329717.0,0.12,1608735.0,0.66,2.04,-19507.0,-394330.0,-413837.0,-0.06,-40796.0,537315.0,5276056.0,-1983333.0,365391.0,2348724.0,5352250.0,0.44,10162442.0,4810192.0,2.76,14.07,2.46,1.37,0.213,0.096,0.08,-0.025,0.55,0.22,0.22,0,0.021503809193212306,Hong Kong Pharma Digital Technology Holdings Limited
2395,244610599.0,,15000000.0,Financials,Shell Companies,,2024.0,10.0,10.08,,,,0.008,27713.0,108794.0,24242874.0,,,,,,,,,,,,,,,,,,,,,,,,,,,,,,,,,,,,,,0,0.02019260314682068,Plum Acquisition Corp. IV
2396,64863044.0,,5000000.0,Financials,Shell Companies,,2024.0,10.0,10.03,,,,0.002,0.0,44565.0,6470000.0,,,,,,,,,-0.01,,,,,,,,,,,,,,,,,,,,,,,,,,,,,0,0.020417136422729725,Ribbon Acquisition Corp.
2397,154295400.0,150166149.0,2100000.0,Industrials,Marine Shipping,17.0,2021.0,4.0,4.75,,,,0.188,463683.0,967336.0,32415000.0,1962600.0,0.903,,70785528.0,1.297,2280201.0,1397113.0,1211787.0,0.07,1408057.0,2.18,34.48,-427331.0,-965794.0,-1393125.0,-0.05,-427331.0,2160250.0,3728253.0,4129251.0,5504202.0,1374951.0,4475092.0,0.31,15073930.0,10598838.0,6.4,,1.29,1.28,0.032,0.02,0.017,-0.02,0.36,0.11,0.208,0,0.0355641834230407,Uni-Fuels Holdings Limited
2398,95732000.0,95868268.0,1750000.0,Industrials,Engineering & Construction,15.0,2018.0,4.0,4.16,,,,0.04,16999.0,144287.0,23012500.0,,,,4382996.0,,1561381.0,890789.0,783438.0,0.03,912370.0,21.84,71.48,-8225.0,756471.0,748246.0,0.04,-8225.0,-724815.0,1310806.0,-136268.0,1003534.0,1139802.0,1339355.0,0.85,3151759.0,1812404.0,2.86,,2.26,1.45,0.356,0.203,0.179,0.171,0.975,0.51,0.617,0,0.06516494183536041,Mint Incorporation Limited
2399,39088000.0,39016410.0,1200000.0,Technology,Software - Application,22.0,2017.0,4.0,3.44,,,,-0.14,58894.0,68620.0,11200000.0,,,,4561963.0,,2304689.0,1809711.0,1548347.0,0.14,1832763.0,8.57,10.3,,929203.0,929203.0,0.09,,-888932.0,1698318.0,71590.0,71590.0,,3793601.0,,5366316.0,1572715.0,1.55,,3.08,3.02,0.505,0.397,0.339,0.204,0.787,0.528,0.559,0,0.021522455874478184,3 E Network Technology Group Limited
2400,221810000.0,,20000000.0,Financials,Shell Companies,,2020.0,10.0,10.82,,,,0.086,6189596.0,356181.0,20500000.0,,0.049,0.169,,,,,,-0.02,,,,,,,,,,,,,,,,,,,,,,,,,,,,,0,0.022006498529575327,"Cantor Equity Partners I, Inc."
2401,418959644.0,424205287.0,1500000.0,Healthcare,Drug Manufacturers - Specialty & Generic,278.0,2004.0,4.0,7.82,,,,0.955,1720255.0,578067.0,53575402.0,,0.916,,29852045.0,,17820091.0,6173460.0,4316866.0,0.1,6612461.0,14.03,11.19,-869631.0,6612323.0,5742692.0,0.13,-1614519.0,-2604501.0,7596953.0,-5245643.0,7084534.0,12330177.0,37443392.0,0.33,68599973.0,22041444.0,0.42,,1.37,0.87,0.597,0.207,0.145,0.192,0.111,0.062,0.106,0,0.15474589821285056,Zhengye Biotechnology Holding Limited
2402,18125000.0,21348990.0,,Industrials,Specialty Industrial Machinery,124.0,2016.0,4.0,1.3,,,,-0.675,28299.0,49203.0,14500000.0,,,,14523935.0,,4159537.0,1385268.0,1352511.0,0.08,1503361.0,1.25,2.02,-219121.0,394806.0,175685.0,0.01,-218132.0,463463.0,2317164.0,-3223990.0,951051.0,4175041.0,8963005.0,0.47,16021243.0,7058238.0,,,,0.67,0.286,0.095,0.093,0.012,0.151,0.084,0.105,0,0.021146120374433378,INLIF Limited
